cppapp,3554b0843bb39e337ac9c38afe89ae2affb5fcab,https://github.com/NikeshTechM/cppapp,2025-07-25,17:04:29
AndroidSpace,b264e0dcc1360beec8d58ce681d51b5f527c451d,https://github.com/NikeshTechM/AndroidSpace,2025-07-25,17:14:49,Old
cppapp,3554b0843bb39e337ac9c38afe89ae2affb5fcab,https://github.com/NikeshTechM/cppapp,2025-07-25,17:14:49,Old
csv-repo,490d6e0b4a5f4a742e2c649d47bfd70de14bc88b,https://github.com/NikeshTechM/csv-repo,2025-07-25,17:14:49,New
DriverDetection,bd645d2b9cc73acbd781d2bc4aa3941124c4f6ba,https://github.com/NikeshTechM/DriverDetection,2025-07-25,17:14:49,Old
driver_detection_app_v2,e5140758d0ccc970b550fd895dee974e8cd3f795,https://github.com/NikeshTechM/driver_detection_app_v2,2025-07-25,17:14:49,Old
face_training_app,7d225f70c19de82e6070746f47fc6ad0161e2368,https://github.com/NikeshTechM/face_training_app,2025-07-25,17:14:49,Old
HelloWorld,c24c171d34a5d0f74b5dab333cd582c6ac8938f8,https://github.com/NikeshTechM/HelloWorld,2025-07-25,17:14:49,Old
hwpythonapp,13bf30abf46da465819dd232c75718533f693dfb,https://github.com/NikeshTechM/hwpythonapp,2025-07-25,17:14:49,Old
logcollector,a33113d58fca80e6efd5d6d8b935484a39d3a83a,https://github.com/NikeshTechM/logcollector,2025-07-25,17:14:49,New
pythonapp,6cb0c25f19aaf27824cf581c10ff03d75fdb6eef,https://github.com/NikeshTechM/pythonapp,2025-07-25,17:14:49,Old
csv-repo,70709a3267343c7aa6da234fd765dffcdaf88fac,https://github.com/NikeshTechM/csv-repo,2025-07-26,04:57:47,New
DriverDetection,bd645d2b9cc73acbd781d2bc4aa3941124c4f6ba,https://github.com/NikeshTechM/DriverDetection,2025-07-26,04:57:47,Old
driver_detection_app_v2,e5140758d0ccc970b550fd895dee974e8cd3f795,https://github.com/NikeshTechM/driver_detection_app_v2,2025-07-26,04:57:47,Old
face_training_app,7d225f70c19de82e6070746f47fc6ad0161e2368,https://github.com/NikeshTechM/face_training_app,2025-07-26,04:57:47,Old
logcollector,cbc6394cd31354ae6c53981ebbc86e267be2d07d,https://github.com/NikeshTechM/logcollector,2025-07-26,04:57:47,New
csv-repo,2b82b822fbeadfe41dc557f4443c397d042c62ea,https://github.com/NikeshTechM/csv-repo,2025-07-26,06:11:35,New
DriverDetection,bd645d2b9cc73acbd781d2bc4aa3941124c4f6ba,https://github.com/NikeshTechM/DriverDetection,2025-07-26,06:11:35,Old
driver_detection_app_v2,e5140758d0ccc970b550fd895dee974e8cd3f795,https://github.com/NikeshTechM/driver_detection_app_v2,2025-07-26,06:11:35,Old
face_training_app,7d225f70c19de82e6070746f47fc6ad0161e2368,https://github.com/NikeshTechM/face_training_app,2025-07-26,06:11:35,Old
logcollector,21fa9e6739486ee6c79c9ef1d41dd8a9bf02e2a3,https://github.com/NikeshTechM/logcollector,2025-07-26,06:11:35,New
csv-repo,0fa979febe863efc3999c8d2d4c8d662f5a8c535,https://github.com/NikeshTechM/csv-repo,2025-07-26,09:14:09,New
DriverDetection,bd645d2b9cc73acbd781d2bc4aa3941124c4f6ba,https://github.com/NikeshTechM/DriverDetection,2025-07-26,09:14:09,Old
driver_detection_app_v2,e5140758d0ccc970b550fd895dee974e8cd3f795,https://github.com/NikeshTechM/driver_detection_app_v2,2025-07-26,09:14:09,Old
face_training_app,7d225f70c19de82e6070746f47fc6ad0161e2368,https://github.com/NikeshTechM/face_training_app,2025-07-26,09:14:09,Old
logcollector,116d1a78c61188afd7006d20129e0818b8fea91d,https://github.com/NikeshTechM/logcollector,2025-07-26,09:14:09,New
csv-repo,6b574b0152667296cbdf00effc6d396282f65d86,https://github.com/NikeshTechM/csv-repo,2025-07-26,09:25:21,New
DriverDetection,bd645d2b9cc73acbd781d2bc4aa3941124c4f6ba,https://github.com/NikeshTechM/DriverDetection,2025-07-26,09:25:21,Old
driver_detection_app_v2,e5140758d0ccc970b550fd895dee974e8cd3f795,https://github.com/NikeshTechM/driver_detection_app_v2,2025-07-26,09:25:21,Old
face_training_app,7d225f70c19de82e6070746f47fc6ad0161e2368,https://github.com/NikeshTechM/face_training_app,2025-07-26,09:25:21,Old
logcollector,116d1a78c61188afd7006d20129e0818b8fea91d,https://github.com/NikeshTechM/logcollector,2025-07-26,09:25:21,Old
testrepo,5367eb3e4c2c7a0c85bd41cfbd0fc324606fe986,https://github.com/NikeshTechM/testrepo,2025-07-26,09:25:21,New
csv-repo,a31eb33dd11105cad56df0f0aab2edb833a484df,https://github.com/NikeshTechM/csv-repo,2025-07-26,09:37:36,New
DriverDetection,bd645d2b9cc73acbd781d2bc4aa3941124c4f6ba,https://github.com/NikeshTechM/DriverDetection,2025-07-26,09:37:36,Old
driver_detection_app_v2,e5140758d0ccc970b550fd895dee974e8cd3f795,https://github.com/NikeshTechM/driver_detection_app_v2,2025-07-26,09:37:36,Old
face_training_app,7d225f70c19de82e6070746f47fc6ad0161e2368,https://github.com/NikeshTechM/face_training_app,2025-07-26,09:37:36,Old
logcollector,1dfac217eedf412d1b7a6545fcf8aaa3ba71135a,https://github.com/NikeshTechM/logcollector,2025-07-26,09:37:36,New
testrepo,5367eb3e4c2c7a0c85bd41cfbd0fc324606fe986,https://github.com/NikeshTechM/testrepo,2025-07-26,09:37:36,Old
csv-repo,fc17ce149a908ad2d39f6ba3549d7ccbb6b6dd54,https://github.com/NikeshTechM/csv-repo,2025-07-26,12:43:48,New
DriverDetection,bd645d2b9cc73acbd781d2bc4aa3941124c4f6ba,https://github.com/NikeshTechM/DriverDetection,2025-07-26,12:43:48,Old
driver_detection_app_v2,e5140758d0ccc970b550fd895dee974e8cd3f795,https://github.com/NikeshTechM/driver_detection_app_v2,2025-07-26,12:43:48,Old
face_training_app,7d225f70c19de82e6070746f47fc6ad0161e2368,https://github.com/NikeshTechM/face_training_app,2025-07-26,12:43:48,Old
logcollector,b3e9e25ffb7d5d0ada163129015186bb4dbc9cb6,https://github.com/NikeshTechM/logcollector,2025-07-26,12:43:48,New
testrepo,5367eb3e4c2c7a0c85bd41cfbd0fc324606fe986,https://github.com/NikeshTechM/testrepo,2025-07-26,12:43:48,Old
csv-repo,b044a702d8b7547d0b2a23345e0743fc044d99ea,https://github.com/NikeshTechM/csv-repo,2025-07-26,13:08:46,New
DriverDetection,bd645d2b9cc73acbd781d2bc4aa3941124c4f6ba,https://github.com/NikeshTechM/DriverDetection,2025-07-26,13:08:46,Old
driver_detection_app_v2,e5140758d0ccc970b550fd895dee974e8cd3f795,https://github.com/NikeshTechM/driver_detection_app_v2,2025-07-26,13:08:46,Old
face_training_app,7d225f70c19de82e6070746f47fc6ad0161e2368,https://github.com/NikeshTechM/face_training_app,2025-07-26,13:08:46,Old
logcollector,c2eaaa19892a9166a4e9c36ec6dd7f0051c462f3,https://github.com/NikeshTechM/logcollector,2025-07-26,13:08:46,New
testrepo,5367eb3e4c2c7a0c85bd41cfbd0fc324606fe986,https://github.com/NikeshTechM/testrepo,2025-07-26,13:08:46,Old
csv-repo,b0cb292c75794d4d115dfbfd82e08991afbf1fc9,https://github.com/NikeshTechM/csv-repo,2025-07-26,13:14:20,New
DriverDetection,bd645d2b9cc73acbd781d2bc4aa3941124c4f6ba,https://github.com/NikeshTechM/DriverDetection,2025-07-26,13:14:20,Old
driver_detection_app_v2,e5140758d0ccc970b550fd895dee974e8cd3f795,https://github.com/NikeshTechM/driver_detection_app_v2,2025-07-26,13:14:20,Old
face_training_app,7d225f70c19de82e6070746f47fc6ad0161e2368,https://github.com/NikeshTechM/face_training_app,2025-07-26,13:14:20,Old
logcollector,c2eaaa19892a9166a4e9c36ec6dd7f0051c462f3,https://github.com/NikeshTechM/logcollector,2025-07-26,13:14:20,Old
testrepo,5367eb3e4c2c7a0c85bd41cfbd0fc324606fe986,https://github.com/NikeshTechM/testrepo,2025-07-26,13:14:20,Old
csv-repo,e81c49182458b3ad16ff6ad0305b1472db116a63,https://github.com/NikeshTechM/csv-repo,2025-07-26,13:51:01,New
DriverDetection,bd645d2b9cc73acbd781d2bc4aa3941124c4f6ba,https://github.com/NikeshTechM/DriverDetection,2025-07-26,13:51:01,Old
driver_detection_app_v2,e5140758d0ccc970b550fd895dee974e8cd3f795,https://github.com/NikeshTechM/driver_detection_app_v2,2025-07-26,13:51:01,Old
face_training_app,7d225f70c19de82e6070746f47fc6ad0161e2368,https://github.com/NikeshTechM/face_training_app,2025-07-26,13:51:01,Old
logcollector,4b325180c46adcfb8499091c55b32bad5c9c30d2,https://github.com/NikeshTechM/logcollector,2025-07-26,13:51:01,New
testrepo,5367eb3e4c2c7a0c85bd41cfbd0fc324606fe986,https://github.com/NikeshTechM/testrepo,2025-07-26,13:51:01,Old
csv-repo,09463214a823042df5c289d5f66d0c8d4a5177a2,https://github.com/NikeshTechM/csv-repo,2025-07-26,17:31:09,New
DriverDetection,bd645d2b9cc73acbd781d2bc4aa3941124c4f6ba,https://github.com/NikeshTechM/DriverDetection,2025-07-26,17:31:09,Old
driver_detection_app_v2,e5140758d0ccc970b550fd895dee974e8cd3f795,https://github.com/NikeshTechM/driver_detection_app_v2,2025-07-26,17:31:09,Old
face_training_app,7d225f70c19de82e6070746f47fc6ad0161e2368,https://github.com/NikeshTechM/face_training_app,2025-07-26,17:31:09,Old
logcollector,f31446916e50cdbc460f5b29fca32414d3817b79,https://github.com/NikeshTechM/logcollector,2025-07-26,17:31:09,New
testrepo,5367eb3e4c2c7a0c85bd41cfbd0fc324606fe986,https://github.com/NikeshTechM/testrepo,2025-07-26,17:31:09,Old
csv-repo,9a7cb9e2b47a76aab87759b34f039a5f4f980afd,https://github.com/NikeshTechM/csv-repo,2025-07-26,17:45:50,New
DriverDetection,bd645d2b9cc73acbd781d2bc4aa3941124c4f6ba,https://github.com/NikeshTechM/DriverDetection,2025-07-26,17:45:50,Old
driver_detection_app_v2,e5140758d0ccc970b550fd895dee974e8cd3f795,https://github.com/NikeshTechM/driver_detection_app_v2,2025-07-26,17:45:50,Old
face_training_app,7d225f70c19de82e6070746f47fc6ad0161e2368,https://github.com/NikeshTechM/face_training_app,2025-07-26,17:45:50,Old
logcollector,6c96abf19486ebdf3dfa95c2a291d3a24606759b,https://github.com/NikeshTechM/logcollector,2025-07-26,17:45:50,New
testrepo,5367eb3e4c2c7a0c85bd41cfbd0fc324606fe986,https://github.com/NikeshTechM/testrepo,2025-07-26,17:45:50,Old
csv-repo,4e089e8099b5036e942fa811dac168dfd685f66a,https://github.com/NikeshTechM/csv-repo,2025-07-28,05:35:04,New
DriverDetection,bd645d2b9cc73acbd781d2bc4aa3941124c4f6ba,https://github.com/NikeshTechM/DriverDetection,2025-07-28,05:35:04,Old
driver_detection_app_v2,e5140758d0ccc970b550fd895dee974e8cd3f795,https://github.com/NikeshTechM/driver_detection_app_v2,2025-07-28,05:35:04,Old
face_training_app,7d225f70c19de82e6070746f47fc6ad0161e2368,https://github.com/NikeshTechM/face_training_app,2025-07-28,05:35:04,Old
logcollector,c7c5a5bc3f4da4bc129b2c3001b4c53e70e22468,https://github.com/NikeshTechM/logcollector,2025-07-28,05:35:04,New
testrepo,5367eb3e4c2c7a0c85bd41cfbd0fc324606fe986,https://github.com/NikeshTechM/testrepo,2025-07-28,05:35:04,Old
csv-repo,8e15a4308e10a682fe317b6c3eaa2d5f104d7a81,https://github.com/NikeshTechM/csv-repo,2025-07-28,05:44:34,New
DriverDetection,bd645d2b9cc73acbd781d2bc4aa3941124c4f6ba,https://github.com/NikeshTechM/DriverDetection,2025-07-28,05:44:34,Old
driver_detection_app_v2,e5140758d0ccc970b550fd895dee974e8cd3f795,https://github.com/NikeshTechM/driver_detection_app_v2,2025-07-28,05:44:34,Old
face_training_app,7d225f70c19de82e6070746f47fc6ad0161e2368,https://github.com/NikeshTechM/face_training_app,2025-07-28,05:44:34,Old
logcollector,4053d82c158baee22bf7e441c6445e23dfb43e8c,https://github.com/NikeshTechM/logcollector,2025-07-28,05:44:34,New
testrepo,5367eb3e4c2c7a0c85bd41cfbd0fc324606fe986,https://github.com/NikeshTechM/testrepo,2025-07-28,05:44:34,Old
csv-repo,65ad0a6b73cd93e4b673210743a66c6ba258e1e3,https://github.com/NikeshTechM/csv-repo,2025-07-28,05:46:13,New
DriverDetection,bd645d2b9cc73acbd781d2bc4aa3941124c4f6ba,https://github.com/NikeshTechM/DriverDetection,2025-07-28,05:46:13,Old
driver_detection_app_v2,e5140758d0ccc970b550fd895dee974e8cd3f795,https://github.com/NikeshTechM/driver_detection_app_v2,2025-07-28,05:46:13,Old
face_training_app,7d225f70c19de82e6070746f47fc6ad0161e2368,https://github.com/NikeshTechM/face_training_app,2025-07-28,05:46:13,Old
logcollector,f442a4525776fb3e8aac502e095b994769d994e1,https://github.com/NikeshTechM/logcollector,2025-07-28,05:46:13,New
testrepo,5367eb3e4c2c7a0c85bd41cfbd0fc324606fe986,https://github.com/NikeshTechM/testrepo,2025-07-28,05:46:13,Old
csv-repo,0dd93e7a055d5364ff9b6c0f0b48f6b4cd90d09f,https://github.com/NikeshTechM/csv-repo,2025-07-28,06:03:01,New
DriverDetection,bd645d2b9cc73acbd781d2bc4aa3941124c4f6ba,https://github.com/NikeshTechM/DriverDetection,2025-07-28,06:03:01,Old
driver_detection_app_v2,e5140758d0ccc970b550fd895dee974e8cd3f795,https://github.com/NikeshTechM/driver_detection_app_v2,2025-07-28,06:03:01,Old
face_training_app,7d225f70c19de82e6070746f47fc6ad0161e2368,https://github.com/NikeshTechM/face_training_app,2025-07-28,06:03:01,Old
logcollector,272a3920a95afe1ce4241d65a8e9b1095e3a7031,https://github.com/NikeshTechM/logcollector,2025-07-28,06:03:01,New
testrepo,5367eb3e4c2c7a0c85bd41cfbd0fc324606fe986,https://github.com/NikeshTechM/testrepo,2025-07-28,06:03:01,Old
csv-repo,9df232d3d2a52fd61e34fe715358e012bc450d36,https://github.com/NikeshTechM/csv-repo,2025-07-28,06:08:13,New
DriverDetection,bd645d2b9cc73acbd781d2bc4aa3941124c4f6ba,https://github.com/NikeshTechM/DriverDetection,2025-07-28,06:08:13,Old
driver_detection_app_v2,e5140758d0ccc970b550fd895dee974e8cd3f795,https://github.com/NikeshTechM/driver_detection_app_v2,2025-07-28,06:08:13,Old
face_training_app,7d225f70c19de82e6070746f47fc6ad0161e2368,https://github.com/NikeshTechM/face_training_app,2025-07-28,06:08:13,Old
logcollector,83128bb4a3f609ac90bc50fa52ea6e270d0ac606,https://github.com/NikeshTechM/logcollector,2025-07-28,06:08:13,New
testrepo,5367eb3e4c2c7a0c85bd41cfbd0fc324606fe986,https://github.com/NikeshTechM/testrepo,2025-07-28,06:08:13,Old
csv-repo,401e09cf31da7a3cd053ad638e152596458a5da9,https://github.com/NikeshTechM/csv-repo,2025-07-28,12:34:48,New
DriverDetection,bd645d2b9cc73acbd781d2bc4aa3941124c4f6ba,https://github.com/NikeshTechM/DriverDetection,2025-07-28,12:34:48,Old
driver_detection_app_v2,e5140758d0ccc970b550fd895dee974e8cd3f795,https://github.com/NikeshTechM/driver_detection_app_v2,2025-07-28,12:34:48,Old
face_training_app,7d225f70c19de82e6070746f47fc6ad0161e2368,https://github.com/NikeshTechM/face_training_app,2025-07-28,12:34:48,Old
logcollector,34be26d1797b07977b12eae13478604fb571dddb,https://github.com/NikeshTechM/logcollector,2025-07-28,12:34:48,New
testrepo,5367eb3e4c2c7a0c85bd41cfbd0fc324606fe986,https://github.com/NikeshTechM/testrepo,2025-07-28,12:34:48,Old
csv-repo,0b5a8ca106505c6f8e4d916f2fcca3289e07c39f,https://github.com/NikeshTechM/csv-repo,2025-07-28,12:43:27,New
DriverDetection,bd645d2b9cc73acbd781d2bc4aa3941124c4f6ba,https://github.com/NikeshTechM/DriverDetection,2025-07-28,12:43:27,Old
driver_detection_app_v2,e5140758d0ccc970b550fd895dee974e8cd3f795,https://github.com/NikeshTechM/driver_detection_app_v2,2025-07-28,12:43:27,Old
face_training_app,7d225f70c19de82e6070746f47fc6ad0161e2368,https://github.com/NikeshTechM/face_training_app,2025-07-28,12:43:27,Old
logcollector,fb2b967c4c7ecc973baa4f9ebfdb1432e274398a,https://github.com/NikeshTechM/logcollector,2025-07-28,12:43:27,New
testrepo,5367eb3e4c2c7a0c85bd41cfbd0fc324606fe986,https://github.com/NikeshTechM/testrepo,2025-07-28,12:43:27,Old
csv-repo,3d94935a7849e92e535becd25ab012dca47919e6,https://github.com/NikeshTechM/csv-repo,2025-07-28,12:47:14,New
DriverDetection,bd645d2b9cc73acbd781d2bc4aa3941124c4f6ba,https://github.com/NikeshTechM/DriverDetection,2025-07-28,12:47:14,Old
driver_detection_app_v2,e5140758d0ccc970b550fd895dee974e8cd3f795,https://github.com/NikeshTechM/driver_detection_app_v2,2025-07-28,12:47:14,Old
face_training_app,7d225f70c19de82e6070746f47fc6ad0161e2368,https://github.com/NikeshTechM/face_training_app,2025-07-28,12:47:14,Old
logcollector,460b9384a2002dfa9df10177e6745c0fb867bedf,https://github.com/NikeshTechM/logcollector,2025-07-28,12:47:14,New
testrepo,5367eb3e4c2c7a0c85bd41cfbd0fc324606fe986,https://github.com/NikeshTechM/testrepo,2025-07-28,12:47:14,Old
csv-repo,1123a360615079107653f829f5df942eb2f062f3,https://github.com/NikeshTechM/csv-repo,2025-07-28,13:31:46,New
DriverDetection,bd645d2b9cc73acbd781d2bc4aa3941124c4f6ba,https://github.com/NikeshTechM/DriverDetection,2025-07-28,13:31:46,Old
driver_detection_app_v2,e5140758d0ccc970b550fd895dee974e8cd3f795,https://github.com/NikeshTechM/driver_detection_app_v2,2025-07-28,13:31:46,Old
face_training_app,7d225f70c19de82e6070746f47fc6ad0161e2368,https://github.com/NikeshTechM/face_training_app,2025-07-28,13:31:46,Old
logcollector,a950369e2c5bbbba1d67049ca8dfbda3415e13fc,https://github.com/NikeshTechM/logcollector,2025-07-28,13:31:46,New
testrepo,5367eb3e4c2c7a0c85bd41cfbd0fc324606fe986,https://github.com/NikeshTechM/testrepo,2025-07-28,13:31:46,Old
csv-repo,06d68c7769d8cbeb7bc51ff41fccfbceedfef2cf,https://github.com/NikeshTechM/csv-repo,2025-07-28,13:47:10,New
DriverDetection,bd645d2b9cc73acbd781d2bc4aa3941124c4f6ba,https://github.com/NikeshTechM/DriverDetection,2025-07-28,13:47:10,Old
driver_detection_app_v2,e5140758d0ccc970b550fd895dee974e8cd3f795,https://github.com/NikeshTechM/driver_detection_app_v2,2025-07-28,13:47:10,Old
face_training_app,7d225f70c19de82e6070746f47fc6ad0161e2368,https://github.com/NikeshTechM/face_training_app,2025-07-28,13:47:10,Old
logcollector,3573ddf624c5f3bf968fb30bf57d29c6afed2287,https://github.com/NikeshTechM/logcollector,2025-07-28,13:47:10,New
testrepo,5367eb3e4c2c7a0c85bd41cfbd0fc324606fe986,https://github.com/NikeshTechM/testrepo,2025-07-28,13:47:10,Old
csv-repo,77491af3f4751b2ab0e1cf66cd060c59e93b0813,https://github.com/NikeshTechM/csv-repo,2025-07-28,16:28:50,New
DriverDetection,bd645d2b9cc73acbd781d2bc4aa3941124c4f6ba,https://github.com/NikeshTechM/DriverDetection,2025-07-28,16:28:50,Old
driver_detection_app_v2,e5140758d0ccc970b550fd895dee974e8cd3f795,https://github.com/NikeshTechM/driver_detection_app_v2,2025-07-28,16:28:50,Old
face_training_app,7d225f70c19de82e6070746f47fc6ad0161e2368,https://github.com/NikeshTechM/face_training_app,2025-07-28,16:28:50,Old
logcollector,b0008d7058751eb89e88bc05fa9055f8863eeae9,https://github.com/NikeshTechM/logcollector,2025-07-28,16:28:50,New
testrepo,5367eb3e4c2c7a0c85bd41cfbd0fc324606fe986,https://github.com/NikeshTechM/testrepo,2025-07-28,16:28:50,Old
csv-repo,c379425c201c2fe42823cab712cbbcfaeac1e3a2,https://github.com/NikeshTechM/csv-repo,2025-07-28,17:53:10,New
DriverDetection,bd645d2b9cc73acbd781d2bc4aa3941124c4f6ba,https://github.com/NikeshTechM/DriverDetection,2025-07-28,17:53:10,Old
driver_detection_app_v2,e5140758d0ccc970b550fd895dee974e8cd3f795,https://github.com/NikeshTechM/driver_detection_app_v2,2025-07-28,17:53:10,Old
face_training_app,7d225f70c19de82e6070746f47fc6ad0161e2368,https://github.com/NikeshTechM/face_training_app,2025-07-28,17:53:10,Old
logcollector,bdf4c64d21fe0b2e4c500476a1b0933b3a9034aa,https://github.com/NikeshTechM/logcollector,2025-07-28,17:53:10,New
testrepo,5367eb3e4c2c7a0c85bd41cfbd0fc324606fe986,https://github.com/NikeshTechM/testrepo,2025-07-28,17:53:10,Old
csv-repo,4e3519e49c33c27c17bfb7523e8d8aff9449d097,https://github.com/NikeshTechM/csv-repo,2025-07-28,18:00:28,New
DriverDetection,bd645d2b9cc73acbd781d2bc4aa3941124c4f6ba,https://github.com/NikeshTechM/DriverDetection,2025-07-28,18:00:28,Old
driver_detection_app_v2,e5140758d0ccc970b550fd895dee974e8cd3f795,https://github.com/NikeshTechM/driver_detection_app_v2,2025-07-28,18:00:28,Old
face_training_app,7d225f70c19de82e6070746f47fc6ad0161e2368,https://github.com/NikeshTechM/face_training_app,2025-07-28,18:00:28,Old
logcollector,77e52f9a9c7b488dc6f9742c4c8aa40b2aa22263,https://github.com/NikeshTechM/logcollector,2025-07-28,18:00:28,New
testrepo,5367eb3e4c2c7a0c85bd41cfbd0fc324606fe986,https://github.com/NikeshTechM/testrepo,2025-07-28,18:00:28,Old
csv-repo,18741d2833222de387c469cb76db1cb2ad90bdef,https://github.com/NikeshTechM/csv-repo,2025-07-28,18:03:56,New
DriverDetection,bd645d2b9cc73acbd781d2bc4aa3941124c4f6ba,https://github.com/NikeshTechM/DriverDetection,2025-07-28,18:03:56,Old
driver_detection_app_v2,e5140758d0ccc970b550fd895dee974e8cd3f795,https://github.com/NikeshTechM/driver_detection_app_v2,2025-07-28,18:03:56,Old
face_training_app,7d225f70c19de82e6070746f47fc6ad0161e2368,https://github.com/NikeshTechM/face_training_app,2025-07-28,18:03:56,Old
logcollector,cea09ecd64709c8da56f6def781d4dbefbf5f6b6,https://github.com/NikeshTechM/logcollector,2025-07-28,18:03:56,New
testrepo,5367eb3e4c2c7a0c85bd41cfbd0fc324606fe986,https://github.com/NikeshTechM/testrepo,2025-07-28,18:03:56,Old
csv-repo,7c5a5dc90a93e6aff0b336c94f8a5514eac58931,https://github.com/NikeshTechM/csv-repo,2025-07-29,04:38:08,New
DriverDetection,bd645d2b9cc73acbd781d2bc4aa3941124c4f6ba,https://github.com/NikeshTechM/DriverDetection,2025-07-29,04:38:08,Old
driver_detection_app_v2,e5140758d0ccc970b550fd895dee974e8cd3f795,https://github.com/NikeshTechM/driver_detection_app_v2,2025-07-29,04:38:08,Old
face_training_app,7d225f70c19de82e6070746f47fc6ad0161e2368,https://github.com/NikeshTechM/face_training_app,2025-07-29,04:38:08,Old
logcollector,76c9cb57a9c968203a098020ab88cf8415ce6287,https://github.com/NikeshTechM/logcollector,2025-07-29,04:38:08,New
testrepo,5367eb3e4c2c7a0c85bd41cfbd0fc324606fe986,https://github.com/NikeshTechM/testrepo,2025-07-29,04:38:08,Old
csv-repo,57ed2cac4a25125a1a45d6c90624e2d816a9599f,https://github.com/NikeshTechM/csv-repo,2025-07-29,04:47:11,New
DriverDetection,bd645d2b9cc73acbd781d2bc4aa3941124c4f6ba,https://github.com/NikeshTechM/DriverDetection,2025-07-29,04:47:11,Old
driver_detection_app_v2,e5140758d0ccc970b550fd895dee974e8cd3f795,https://github.com/NikeshTechM/driver_detection_app_v2,2025-07-29,04:47:11,Old
face_training_app,7d225f70c19de82e6070746f47fc6ad0161e2368,https://github.com/NikeshTechM/face_training_app,2025-07-29,04:47:11,Old
logcollector,5e2e353e6dbbfecba50a813c3dd120a1bfddd96e,https://github.com/NikeshTechM/logcollector,2025-07-29,04:47:11,New
testrepo,5367eb3e4c2c7a0c85bd41cfbd0fc324606fe986,https://github.com/NikeshTechM/testrepo,2025-07-29,04:47:11,Old
csv-repo,b1c94aec0ea41238416042c5d7b6dbd198386ab1,https://github.com/NikeshTechM/csv-repo,2025-07-29,05:14:24,New
DriverDetection,bd645d2b9cc73acbd781d2bc4aa3941124c4f6ba,https://github.com/NikeshTechM/DriverDetection,2025-07-29,05:14:24,Old
driver_detection_app_v2,e5140758d0ccc970b550fd895dee974e8cd3f795,https://github.com/NikeshTechM/driver_detection_app_v2,2025-07-29,05:14:24,Old
face_training_app,7d225f70c19de82e6070746f47fc6ad0161e2368,https://github.com/NikeshTechM/face_training_app,2025-07-29,05:14:24,Old
logcollector,e8678472704bbd5fd617b542e6aa77edd70981bf,https://github.com/NikeshTechM/logcollector,2025-07-29,05:14:24,New
testrepo,5367eb3e4c2c7a0c85bd41cfbd0fc324606fe986,https://github.com/NikeshTechM/testrepo,2025-07-29,05:14:24,Old
csv-repo,253ab4148cb72847f0c8fe966be20e6d776984e7,https://github.com/NikeshTechM/csv-repo,2025-07-29,05:31:58,New
DriverDetection,bd645d2b9cc73acbd781d2bc4aa3941124c4f6ba,https://github.com/NikeshTechM/DriverDetection,2025-07-29,05:31:58,Old
driver_detection_app_v2,e5140758d0ccc970b550fd895dee974e8cd3f795,https://github.com/NikeshTechM/driver_detection_app_v2,2025-07-29,05:31:58,Old
face_training_app,7d225f70c19de82e6070746f47fc6ad0161e2368,https://github.com/NikeshTechM/face_training_app,2025-07-29,05:31:58,Old
logcollector,ff0055bc03bc4b3db3e41e7331d6f9729e0bc2fb,https://github.com/NikeshTechM/logcollector,2025-07-29,05:31:58,New
testrepo,5367eb3e4c2c7a0c85bd41cfbd0fc324606fe986,https://github.com/NikeshTechM/testrepo,2025-07-29,05:31:58,Old
csv-repo,740cc70be4d4595bddb9956b1eeccae0e9d9c55e,https://github.com/NikeshTechM/csv-repo,2025-07-29,05:34:58,New
DriverDetection,bd645d2b9cc73acbd781d2bc4aa3941124c4f6ba,https://github.com/NikeshTechM/DriverDetection,2025-07-29,05:34:58,Old
driver_detection_app_v2,e5140758d0ccc970b550fd895dee974e8cd3f795,https://github.com/NikeshTechM/driver_detection_app_v2,2025-07-29,05:34:58,Old
face_training_app,7d225f70c19de82e6070746f47fc6ad0161e2368,https://github.com/NikeshTechM/face_training_app,2025-07-29,05:34:58,Old
logcollector,c4fd7dbf911e696d4b84164f8de2b2d31256c842,https://github.com/NikeshTechM/logcollector,2025-07-29,05:34:58,New
testrepo,5367eb3e4c2c7a0c85bd41cfbd0fc324606fe986,https://github.com/NikeshTechM/testrepo,2025-07-29,05:34:58,Old
csv-repo,873afeb0e79b9b192adad0aa5cf8e50c81cd4dc5,https://github.com/NikeshTechM/csv-repo,2025-07-29,05:46:10,New
DriverDetection,bd645d2b9cc73acbd781d2bc4aa3941124c4f6ba,https://github.com/NikeshTechM/DriverDetection,2025-07-29,05:46:10,Old
driver_detection_app_v2,e5140758d0ccc970b550fd895dee974e8cd3f795,https://github.com/NikeshTechM/driver_detection_app_v2,2025-07-29,05:46:10,Old
face_training_app,7d225f70c19de82e6070746f47fc6ad0161e2368,https://github.com/NikeshTechM/face_training_app,2025-07-29,05:46:10,Old
logcollector,7317321aa752725859f03b0606e4bd2bbf763840,https://github.com/NikeshTechM/logcollector,2025-07-29,05:46:10,New
testrepo,5367eb3e4c2c7a0c85bd41cfbd0fc324606fe986,https://github.com/NikeshTechM/testrepo,2025-07-29,05:46:10,Old
csv-repo,dbb274a7edc5f4ad0df4b4d20e5d4c54ce71d966,https://github.com/NikeshTechM/csv-repo,2025-07-29,06:00:22,New
DriverDetection,bd645d2b9cc73acbd781d2bc4aa3941124c4f6ba,https://github.com/NikeshTechM/DriverDetection,2025-07-29,06:00:22,Old
driver_detection_app_v2,e5140758d0ccc970b550fd895dee974e8cd3f795,https://github.com/NikeshTechM/driver_detection_app_v2,2025-07-29,06:00:22,Old
face_training_app,7d225f70c19de82e6070746f47fc6ad0161e2368,https://github.com/NikeshTechM/face_training_app,2025-07-29,06:00:22,Old
logcollector,d6c30a42e42c594866f7bd98004cbe7ef6326a67,https://github.com/NikeshTechM/logcollector,2025-07-29,06:00:22,New
testrepo,5367eb3e4c2c7a0c85bd41cfbd0fc324606fe986,https://github.com/NikeshTechM/testrepo,2025-07-29,06:00:22,Old
csv-repo,bcf9aab1b214987b75ef9e47ee52e041fe2fabde,https://github.com/NikeshTechM/csv-repo,2025-07-29,06:05:16,New
DriverDetection,bd645d2b9cc73acbd781d2bc4aa3941124c4f6ba,https://github.com/NikeshTechM/DriverDetection,2025-07-29,06:05:16,Old
driver_detection_app_v2,e5140758d0ccc970b550fd895dee974e8cd3f795,https://github.com/NikeshTechM/driver_detection_app_v2,2025-07-29,06:05:16,Old
face_training_app,7d225f70c19de82e6070746f47fc6ad0161e2368,https://github.com/NikeshTechM/face_training_app,2025-07-29,06:05:16,Old
logcollector,5f87db11d3468fcdfc30602427ef5b70dc23afc8,https://github.com/NikeshTechM/logcollector,2025-07-29,06:05:16,New
testrepo,5367eb3e4c2c7a0c85bd41cfbd0fc324606fe986,https://github.com/NikeshTechM/testrepo,2025-07-29,06:05:16,Old
csv-repo,5205b1429659d1772f9bb9c1a782fbb3b265fd64,https://github.com/NikeshTechM/csv-repo,2025-07-29,06:13:14,New
DriverDetection,bd645d2b9cc73acbd781d2bc4aa3941124c4f6ba,https://github.com/NikeshTechM/DriverDetection,2025-07-29,06:13:14,Old
driver_detection_app_v2,e5140758d0ccc970b550fd895dee974e8cd3f795,https://github.com/NikeshTechM/driver_detection_app_v2,2025-07-29,06:13:14,Old
face_training_app,7d225f70c19de82e6070746f47fc6ad0161e2368,https://github.com/NikeshTechM/face_training_app,2025-07-29,06:13:14,Old
logcollector,735927c3d03c90ec1acced23c0c17ecafb390f51,https://github.com/NikeshTechM/logcollector,2025-07-29,06:13:14,New
testrepo,5367eb3e4c2c7a0c85bd41cfbd0fc324606fe986,https://github.com/NikeshTechM/testrepo,2025-07-29,06:13:14,Old
csv-repo,bc22f9cdf5a4cca00a6b0d5f9e95ff58e9f2d23d,https://github.com/NikeshTechM/csv-repo,2025-07-29,06:16:33,New
DriverDetection,bd645d2b9cc73acbd781d2bc4aa3941124c4f6ba,https://github.com/NikeshTechM/DriverDetection,2025-07-29,06:16:33,Old
driver_detection_app_v2,e5140758d0ccc970b550fd895dee974e8cd3f795,https://github.com/NikeshTechM/driver_detection_app_v2,2025-07-29,06:16:33,Old
face_training_app,7d225f70c19de82e6070746f47fc6ad0161e2368,https://github.com/NikeshTechM/face_training_app,2025-07-29,06:16:33,Old
logcollector,f473ed0d93c7498e5557b4b6267ee7e129d49ffe,https://github.com/NikeshTechM/logcollector,2025-07-29,06:16:33,New
testrepo,5367eb3e4c2c7a0c85bd41cfbd0fc324606fe986,https://github.com/NikeshTechM/testrepo,2025-07-29,06:16:33,Old
csv-repo,9785b70f3fb8639cfe89ff24215a2b5a3f42da13,https://github.com/NikeshTechM/csv-repo,2025-07-29,07:17:13,New
DriverDetection,bd645d2b9cc73acbd781d2bc4aa3941124c4f6ba,https://github.com/NikeshTechM/DriverDetection,2025-07-29,07:17:13,Old
driver_detection_app_v2,e5140758d0ccc970b550fd895dee974e8cd3f795,https://github.com/NikeshTechM/driver_detection_app_v2,2025-07-29,07:17:13,Old
face_training_app,7d225f70c19de82e6070746f47fc6ad0161e2368,https://github.com/NikeshTechM/face_training_app,2025-07-29,07:17:13,Old
logcollector,27debcc18ce2e6fade1f25a9bd8eef2a9b6244b5,https://github.com/NikeshTechM/logcollector,2025-07-29,07:17:13,New
testrepo,5367eb3e4c2c7a0c85bd41cfbd0fc324606fe986,https://github.com/NikeshTechM/testrepo,2025-07-29,07:17:13,Old
csv-repo,2ffa82a7c1307146c2d6b279c9830c23db9093c3,https://github.com/NikeshTechM/csv-repo,2025-07-29,07:45:58,New
DriverDetection,bd645d2b9cc73acbd781d2bc4aa3941124c4f6ba,https://github.com/NikeshTechM/DriverDetection,2025-07-29,07:45:58,Old
driver_detection_app_v2,e5140758d0ccc970b550fd895dee974e8cd3f795,https://github.com/NikeshTechM/driver_detection_app_v2,2025-07-29,07:45:58,Old
face_training_app,7d225f70c19de82e6070746f47fc6ad0161e2368,https://github.com/NikeshTechM/face_training_app,2025-07-29,07:45:58,Old
logcollector,61f0d9e1caadc4eeed5e7e9b52e7bfa260cef6f0,https://github.com/NikeshTechM/logcollector,2025-07-29,07:45:58,New
testrepo,5367eb3e4c2c7a0c85bd41cfbd0fc324606fe986,https://github.com/NikeshTechM/testrepo,2025-07-29,07:45:58,Old
csv-repo,f5ae4247d4b8b14844b9a0875a920e045175140a,https://github.com/NikeshTechM/csv-repo,2025-07-29,07:59:26,New
DriverDetection,bd645d2b9cc73acbd781d2bc4aa3941124c4f6ba,https://github.com/NikeshTechM/DriverDetection,2025-07-29,07:59:26,Old
driver_detection_app_v2,e5140758d0ccc970b550fd895dee974e8cd3f795,https://github.com/NikeshTechM/driver_detection_app_v2,2025-07-29,07:59:26,Old
face_training_app,7d225f70c19de82e6070746f47fc6ad0161e2368,https://github.com/NikeshTechM/face_training_app,2025-07-29,07:59:26,Old
logcollector,78240e5cd0765f8765c558c0e0781198b13c5c5e,https://github.com/NikeshTechM/logcollector,2025-07-29,07:59:26,New
testrepo,5367eb3e4c2c7a0c85bd41cfbd0fc324606fe986,https://github.com/NikeshTechM/testrepo,2025-07-29,07:59:26,Old
csv-repo,aa6a669dd374b01ad06b6167415beb4d07db7f3d,https://github.com/NikeshTechM/csv-repo,2025-07-29,09:21:03,New
DriverDetection,bd645d2b9cc73acbd781d2bc4aa3941124c4f6ba,https://github.com/NikeshTechM/DriverDetection,2025-07-29,09:21:03,Old
driver_detection_app_v2,e5140758d0ccc970b550fd895dee974e8cd3f795,https://github.com/NikeshTechM/driver_detection_app_v2,2025-07-29,09:21:03,Old
face_training_app,7d225f70c19de82e6070746f47fc6ad0161e2368,https://github.com/NikeshTechM/face_training_app,2025-07-29,09:21:03,Old
logcollector,6553f31be23a7df1ef20443365d413ce3a821cde,https://github.com/NikeshTechM/logcollector,2025-07-29,09:21:03,New
testrepo,5367eb3e4c2c7a0c85bd41cfbd0fc324606fe986,https://github.com/NikeshTechM/testrepo,2025-07-29,09:21:03,Old
